{
  "evaluation_date": "2026-04-18T16:23:26.052972",
  "test_set_info": {
    "actors": [
      20,
      21,
      22,
      23,
      24
    ],
    "num_samples": 300,
    "emotions": [
      "neutral",
      "calm",
      "happy",
      "sad",
      "angry",
      "fearful",
      "disgust",
      "surprised"
    ]
  },
  "ensemble_model": {
    "model_path": "models/ensemble_best.pth",
    "accuracy": 0.8966666666666666,
    "precision": 0.8984659672924294,
    "recall": 0.8966666666666666,
    "f1_score": 0.8954905290319671,
    "auc_roc": 0.9913031135531135,
    "inference_latency_ms": 5.848130001104437,
    "confusion_matrix_path": "results/ensemble_confusion_matrix.png"
  },
  "per_emotion_analysis": {
    "neutral": {
      "samples": 20,
      "accuracy": 0.8,
      "precision": 0.8421052631578947,
      "recall": 0.8
    },
    "calm": {
      "samples": 40,
      "accuracy": 0.975,
      "precision": 0.8666666666666667,
      "recall": 0.975
    },
    "happy": {
      "samples": 40,
      "accuracy": 0.8,
      "precision": 0.9696969696969697,
      "recall": 0.8
    },
    "sad": {
      "samples": 40,
      "accuracy": 0.8,
      "precision": 0.8648648648648649,
      "recall": 0.8
    },
    "angry": {
      "samples": 40,
      "accuracy": 0.925,
      "precision": 0.8604651162790697,
      "recall": 0.925
    },
    "fearful": {
      "samples": 40,
      "accuracy": 0.925,
      "precision": 0.9024390243902439,
      "recall": 0.925
    },
    "disgust": {
      "samples": 40,
      "accuracy": 0.9,
      "precision": 0.9230769230769231,
      "recall": 0.9
    },
    "surprised": {
      "samples": 40,
      "accuracy": 1.0,
      "precision": 0.9302325581395349,
      "recall": 1.0
    }
  }
}